Nom,Type,Prix,Déjà présente ?,🗺️ Zones,X,Y,Notes
Prise chevet gauche,Prise basse,,No,Chambre (https://app.notion.com/p/Chambre-31704b47b66880038f1bd69fcadc3eb7?pvs=21),,,
Prise chevet droit,Prise basse,,No,Chambre (https://app.notion.com/p/Chambre-31704b47b66880038f1bd69fcadc3eb7?pvs=21),,,
Prise entrée chambre,Prise basse,,Yes,Chambre (https://app.notion.com/p/Chambre-31704b47b66880038f1bd69fcadc3eb7?pvs=21),,,
Double prise chambre,Prise basse,,Yes,Chambre (https://app.notion.com/p/Chambre-31704b47b66880038f1bd69fcadc3eb7?pvs=21),,,
Prise placard chambre,Prise basse,,Yes,Chambre (https://app.notion.com/p/Chambre-31704b47b66880038f1bd69fcadc3eb7?pvs=21),,,
va-et-vient chambre 1,interrupteur,,No,Chambre (https://app.notion.com/p/Chambre-31704b47b66880038f1bd69fcadc3eb7?pvs=21),,,
va-et-vient chambre 2,interrupteur,,No,Chambre (https://app.notion.com/p/Chambre-31704b47b66880038f1bd69fcadc3eb7?pvs=21),,,
va-et-vient chambre 3,interrupteur,,Yes,Chambre (https://app.notion.com/p/Chambre-31704b47b66880038f1bd69fcadc3eb7?pvs=21),,,
" double Prise rangement couloir",Prise basse,,No,Couloir (https://app.notion.com/p/Couloir-31704b47b66880878504d33f40b86319?pvs=21),,,
Prise dans placard couloir,Prise basse,,No,Couloir (https://app.notion.com/p/Couloir-31704b47b66880878504d33f40b86319?pvs=21),,,
Prise couloir,Prise basse,,No,Couloir (https://app.notion.com/p/Couloir-31704b47b66880878504d33f40b86319?pvs=21),,,
Prises Box Internet,sortie Fibre internet,,No,Couloir (https://app.notion.com/p/Couloir-31704b47b66880878504d33f40b86319?pvs=21),,,
Prise coin salon,Prise basse,,Yes,Cuisine + Salon (https://app.notion.com/p/Cuisine-Salon-31704b47b66880818a0bdb285f3ca277?pvs=21),,,
Double prise salon proche fenêtre,Prise basse,,Yes,Cuisine + Salon (https://app.notion.com/p/Cuisine-Salon-31704b47b66880818a0bdb285f3ca277?pvs=21),,,
double/Triple prises ancienne cheminée,Prise basse,,No,Cuisine + Salon (https://app.notion.com/p/Cuisine-Salon-31704b47b66880818a0bdb285f3ca277?pvs=21),,,
Prise meuble îlot,Prise basse,,Yes,Cuisine + Salon (https://app.notion.com/p/Cuisine-Salon-31704b47b66880818a0bdb285f3ca277?pvs=21),,,
Prise Sèche-serviettes,Prise basse / Sortie de câble,,No,SDB (https://app.notion.com/p/SDB-31704b47b668800bbbb4d17760fe167d?pvs=21),,,
Prise Machine à laver,Prise basse,,No,SDB (https://app.notion.com/p/SDB-31704b47b668800bbbb4d17760fe167d?pvs=21),,,
Prise Miroir LED,Prise haute,,No,SDB (https://app.notion.com/p/SDB-31704b47b668800bbbb4d17760fe167d?pvs=21),,,
Prise lavabo / miroir,Prise haute,,No,SDB (https://app.notion.com/p/SDB-31704b47b668800bbbb4d17760fe167d?pvs=21),,,
Prise Chauffe-eau,Prise haute,,No,SDB (https://app.notion.com/p/SDB-31704b47b668800bbbb4d17760fe167d?pvs=21),,,
Interrupteur sdb,interrupteur,,Yes,SDB (https://app.notion.com/p/SDB-31704b47b668800bbbb4d17760fe167d?pvs=21),,,
Va-et-vient couloir 1,interrupteur,,No,Couloir (https://app.notion.com/p/Couloir-31704b47b66880878504d33f40b86319?pvs=21),,,
va-et-vient couloir 2,interrupteur,,No,Couloir (https://app.notion.com/p/Couloir-31704b47b66880878504d33f40b86319?pvs=21),,,
Lumière salon,interrupteur,,No,Couloir (https://app.notion.com/p/Couloir-31704b47b66880878504d33f40b86319?pvs=21),,,
Lumière cuisine,interrupteur,,No,Couloir (https://app.notion.com/p/Couloir-31704b47b66880878504d33f40b86319?pvs=21),,,
Prises cuisine four,Prise basse,,No,Cuisine + Salon (https://app.notion.com/p/Cuisine-Salon-31704b47b66880818a0bdb285f3ca277?pvs=21),,,
Prise cuisine frigo,Prise basse,,No,Cuisine + Salon (https://app.notion.com/p/Cuisine-Salon-31704b47b66880818a0bdb285f3ca277?pvs=21),,,
Prise micro-onde,Prise haute,,No,Cuisine + Salon (https://app.notion.com/p/Cuisine-Salon-31704b47b66880818a0bdb285f3ca277?pvs=21),,,
Prise hotte,Prise haute,,No,Cuisine + Salon (https://app.notion.com/p/Cuisine-Salon-31704b47b66880818a0bdb285f3ca277?pvs=21),,,
Double prise plan travail,Prise haute,,No,Cuisine + Salon (https://app.notion.com/p/Cuisine-Salon-31704b47b66880818a0bdb285f3ca277?pvs=21),,,
Prise lave-vaisselle,Prise basse,,No,Cuisine + Salon (https://app.notion.com/p/Cuisine-Salon-31704b47b66880818a0bdb285f3ca277?pvs=21),,,
